ID Action,Axe,Objectif stratégique,Action originale,Action originale EN,Chantier suggéré,Confiance,Raison,Action réécrite,Action réécrite EN,Statut analyse,Projet,Nom projet,Description projet,Description projet EN,Notes analyse,Coordination,Destination,Approuvé,Statut objectif
A1-OS1-a,Axe 1 : Plateformes numériques et gouvernance,Favoriser l'acceptabilité sociale de l'utilisation des données de santé dans un contexte de recherche,Rédiger un manifeste en faveur de l'accès aux données,Draft a manifesto in favour of data access,Influence & Représentation,CLAIR,Manifeste = document d'influence politique,,,keep,I1,Plaidoyers et prises de position,"Manifestes, énoncés politiques et documents d'influence pour porter les enjeux du RSN.","Manifestos, policy statements and advocacy documents to advance RSN priorities.",,PD-DUR-OS3-a,,oui,en cours
A1-OS1-b,Axe 1 : Plateformes numériques et gouvernance,Favoriser l'acceptabilité sociale de l'utilisation des données de santé dans un contexte de recherche,Produire un document annexe mettant de l'avant les bénéfices et les manques à gagner (use case),Produce a companion document highlighting the benefits and the costs of inaction (use case),Influence & Représentation,CLAIR,Document annexe avec use cases = guide/outil,,,keep,I1,Plaidoyers et prises de position,"Manifestes, énoncés politiques et documents d'influence pour porter les enjeux du RSN.","Manifestos, policy statements and advocacy documents to advance RSN priorities.",Orphelin sans les autres A1-OS1. À fusionner avec A1-OS1-a (manifeste) et A1-OS1-c (comité patients) qui sont dans d'autres chantiers.,,,oui,non démarré
A1-OS1-c,Axe 1 : Plateformes numériques et gouvernance,Favoriser l'acceptabilité sociale de l'utilisation des données de santé dans un contexte de recherche,Former un comité de patients et usagers sur l'acceptabilité sociale qui intègre des représentants des Premières Nations et communautés minoritaires,Set up a patient and user committee on social acceptability that includes representatives of First Nations and minority communities,Maillage et Concertation,CLAIR,Former un comité = créer une structure de concertation,,,keep,M2,Comités et structures participatives,Création de comités spécifiques au sein du RSN pour la gouvernance participative.,Creation of dedicated committees within the RSN for participatory governance.,,,,oui,non démarré
A1-OS2-a,Axe 1 : Plateformes numériques et gouvernance,"Soutenir les plateformes numériques et favoriser leur alignement sur les plans technique, éthique et de gestion",Lancer une table de concertation entre les plateformes (Symposium des plateformes),Launch a consultation table between platforms (Platforms Symposium),Maillage et Concertation,CLAIR,Table de concertation = maillage,,,keep,M1,Tables de concertation thématiques,Espaces de discussion inter-groupes au sein du RSN autour de thèmes spécifiques.,Cross-group discussion spaces within the RSN around specific themes.,,,,oui,terminé
A1-OS2-b,Axe 1 : Plateformes numériques et gouvernance,"Soutenir les plateformes numériques et favoriser leur alignement sur les plans technique, éthique et de gestion",Cartographier les actifs informationnels et les expertises,Map informational assets and expertise,Répertoires & Cartographie,CLAIR,Cartographie = répertoire,,,,R1,"Répertoire des expertises, actifs et infrastructures RSN","Bottin unifié des personnes, expertises, plateformes, actifs numériques et infrastructures du RSN, avec vue géographique.","Unified directory of people, expertise, platforms, digital assets and RSN infrastructure, with a geographic view.",,,,oui,en cours
A1-OS2-c,Axe 1 : Plateformes numériques et gouvernance,"Soutenir les plateformes numériques et favoriser leur alignement sur les plans technique, éthique et de gestion","S'arrimer aux initiatives et communautés de pratiques existantes (MSSS, etc.)","Align with existing initiatives and communities of practice (MSSS, etc.)",Maillage et Concertation,CLAIR,S'arrimer = maillage avec partenaires,,,keep,M3,Communautés de pratique et réseaux collaboratifs,Maillage entre chercheurs et apprentissage entre pairs via des communautés de pratique.,Networking between researchers and peer learning through communities of practice.,,,,oui,en cours
A1-OS3-a,Axe 1 : Plateformes numériques et gouvernance,Représenter les besoins de la communauté des chercheurs en matière de gouvernance de l'information et influencer les décisions gouvernementales,Se joindre aux comités sur le DSN et aux instances de Santé Québec pour pousser les enjeux recherche,Join DSN committees and Santé Québec bodies to advance research priorities,Influence & Représentation,CLAIR,Rejoindre comités gouvernementaux = influence,,,keep,I2,Représentation dans les instances,Présence active du RSN dans les comités et projets gouvernementaux pour influencer les décisions.,Active RSN presence in government committees and projects to influence decisions.,,,,oui,en cours
A1-OS3-b,Axe 1 : Plateformes numériques et gouvernance,Représenter les besoins de la communauté des chercheurs en matière de gouvernance de l'information et influencer les décisions gouvernementales,Table inter-axes de concertation en gouvernance informationnelle,Cross-axis consultation table on information governance,Maillage et Concertation,CLAIR,Table inter-axes = concertation interne,,,keep,M1,Tables de concertation thématiques,Espaces de discussion inter-groupes au sein du RSN autour de thèmes spécifiques.,Cross-group discussion spaces within the RSN around specific themes.,,,,oui,non démarré
A1-OS3-c,Axe 1 : Plateformes numériques et gouvernance,Représenter les besoins de la communauté des chercheurs en matière de gouvernance de l'information et influencer les décisions gouvernementales,Partage des cadres de gestion et des modèles d'entente,Sharing of management frameworks and agreement templates,Répertoires & Cartographie,CLAIR,Partage = mise à disposition de ressources existantes = répertoire,,,keep,R3,Répertoire des outils et ressources thématiques,"Inventaire des outils, méthodes et ressources existants par thématique transversale (EDIA, engagement citoyen, science ouverte, gouvernance, etc.).","Inventory of existing tools, methods and resources by cross-cutting theme (EDIA, citizen engagement, open science, governance, etc.).","Repositionnée de G5 vers R3 suite à révision : interprétation ""partage"" comme mise à disposition d'un répertoire de cadres existants (thématique gouvernance). Annule la reformulation antérieure ""Produire un guide"".",,,oui,non démarré
A2-OS1-a,Axe 2 : Modélisation et méthodes numériques,Faciliter le maillage entre les méthodologistes et la formation de la relève,Effectuer une cartographie des différents champs d'expertise,Map the various fields of expertise,Répertoires & Cartographie,CLAIR,Cartographie des expertises = répertoire,,,,R1,"Répertoire des expertises, actifs et infrastructures RSN","Bottin unifié des personnes, expertises, plateformes, actifs numériques et infrastructures du RSN, avec vue géographique.","Unified directory of people, expertise, platforms, digital assets and RSN infrastructure, with a geographic view.",,,,oui,en cours
A2-OS1-b,Axe 2 : Modélisation et méthodes numériques,Faciliter le maillage entre les méthodologistes et la formation de la relève,Lancer une communauté de pratique des méthodologistes (ex. midi-conférences),Launch a methodologists' community of practice (e.g. noon-hour conferences),Maillage et Concertation,MOYEN,"Est-ce que le point important ici est la concertaion des membres  (= maillage) ou bien le fait de lancer des midis conféence ? (=rayonnement), peut-être à séparer en deux actions",,,keep,M3,Communautés de pratique et réseaux collaboratifs,Maillage entre chercheurs et apprentissage entre pairs via des communautés de pratique.,Networking between researchers and peer learning through communities of practice.,,,,oui,non démarré
A2-OS2-a,Axe 2 : Modélisation et méthodes numériques,Colliger et harmoniser les bonnes pratiques et les rendre accessibles,Établir un guide/template standard pour encadrer l'harmonisation des bonnes pratiques en méthodologie,Establish a guide/template to frame the harmonization of best methodological practices,Guides & Outils,CLAIR,Guide/template = outil prescriptif,,,keep,G1,Harmonisation des bonnes pratiques méthodologiques,"Produire un cadre commun de bonnes pratiques pour la communauté de recherche, accessible en français.","Produce a common framework of best practices for the research community, accessible in French.","Ces 3 actions (a, b, c) partagent le même objectif stratégique — à fusionner en un seul livrable de projet.",,,oui,non démarré
A2-OS2-b,Axe 2 : Modélisation et méthodes numériques,Colliger et harmoniser les bonnes pratiques et les rendre accessibles,Identifier les bonnes pratiques à formaliser pour la communauté et produire les guides associés,Identify best practices to formalize for the community and produce the associated guides,Guides & Outils,CLAIR,Produire des guides = guides,,,keep,G1,Harmonisation des bonnes pratiques méthodologiques,"Produire un cadre commun de bonnes pratiques pour la communauté de recherche, accessible en français.","Produce a common framework of best practices for the research community, accessible in French.",À fusionner avec A2-OS2-a.,,,oui,non démarré
A2-OS2-c,Axe 2 : Modélisation et méthodes numériques,Colliger et harmoniser les bonnes pratiques et les rendre accessibles,Assurer l'offre de ressources en français,Ensure the availability of resources in French,Guides & Outils,MOYEN,Assurer l'offre en français est flou,Traduire et adapter les guides méthodologiques existants en français,Ensure the availability of resources in French,keep,G1,Harmonisation des bonnes pratiques méthodologiques,"Produire un cadre commun de bonnes pratiques pour la communauté de recherche, accessible en français.","Produce a common framework of best practices for the research community, accessible in French.","À fusionner avec A2-OS2-a — devient une contrainte du livrable, pas une action séparée.",,,oui,non démarré
A2-OS3-a,Axe 2 : Modélisation et méthodes numériques,Connecter les méthodologistes aux utilisateurs de connaissances,Organiser des journal clubs pour le partage des connaissances scientifiques,Organize journal clubs for sharing scientific knowledge,Événements & Rayonnement,CLAIR,Journal clubs = événements récurrents,,,,Év1,Événements organisés par le RSN,"Colloques, journées thématiques, ateliers et événements produits ou co-produits par le réseau.","Colloquia, thematic days, workshops and events produced or co-produced by the network.",,,,oui,non démarré
A2-OS3-b,Axe 2 : Modélisation et méthodes numériques,Connecter les méthodologistes aux utilisateurs de connaissances,Organiser des activités avec des partenaires (ex. IVADO et son axe Santé),Organize activities with partners (e.g. IVADO Health track),Événements & Rayonnement,CLAIR,Organiser des activités = événements,,,,Év2,Participations et interventions externes,"Présence du RSN dans des événements organisés par d'autres : congrès, partenaires, industrie.","RSN presence at events hosted by others: conferences, partners, industry.",,,,oui,terminé
A3-OS1-a,Axe 3 : Interventions numériques,Établir et diffuser les meilleures pratiques de gestion de projet en matière d'interventions numériques en santé,"Réaliser une revue de portée (scoping review) des meilleures pratiques en matière de conception, gestion et évaluation des interventions numériques en santé","Conduct a scoping review of best practices for design, management and evaluation of digital health interventions",Guides & Outils,CLAIR,Cartographie des pratiques = répertoire,,,,G1,Harmonisation des bonnes pratiques méthodologiques,"Produire un cadre commun de bonnes pratiques pour la communauté de recherche, accessible en français.","Produce a common framework of best practices for the research community, accessible in French.","Scoping review — le livrable final est un guide de bonnes pratiques, pas un répertoire.",,,oui,en cours
A3-OS1-b,Axe 3 : Interventions numériques,Établir et diffuser les meilleures pratiques de gestion de projet en matière d'interventions numériques en santé,Développer des études de cas structurées à partir de projets du RSN et externes pour traduire les bonnes pratiques en guidance concrète,Develop structured case studies from RSN and external projects to translate best practices into concrete guidance,Guides & Outils,CLAIR,Études de cas qui complètent la scoping review A3-OS1-a en guidance concrète = guide méthodologique,,,keep,G1,Harmonisation des bonnes pratiques méthodologiques,"Produire un cadre commun de bonnes pratiques pour la communauté de recherche, accessible en français.","Produce a common framework of best practices for the research community, accessible in French.","Repositionnée de R3 vers G1 : les études de cas sont la suite logique de la scoping review A3-OS1-a, ensemble ils forment un guide méthodologique cohérent.",,,oui,en cours
A3-OS1-c,Axe 3 : Interventions numériques,Établir et diffuser les meilleures pratiques de gestion de projet en matière d'interventions numériques en santé,Documenter les expériences des living labs au Québec et en extraire des apprentissages réutilisables sous forme de fiches ou boîtes à outils,Document living lab experiences in Québec and extract reusable learnings as briefs or toolkits,Répertoires & Cartographie,CLAIR,Documentation d'expériences + extraction de fiches/boîtes à outils = ressources thématiques,,,keep,R3,Répertoire des outils et ressources thématiques,"Inventaire des outils, méthodes et ressources existants par thématique transversale (EDIA, engagement citoyen, science ouverte, gouvernance, etc.).","Inventory of existing tools, methods and resources by cross-cutting theme (EDIA, citizen engagement, open science, governance, etc.).",Repositionnée de R1 vers R3 : focus sur la production de fiches/boîtes à outils issues des apprentissages des living labs. La cartographie des living labs comme entités se fera ailleurs.,,,oui,en cours
A3-OS2-a,Axe 3 : Interventions numériques,Favoriser le rapprochement entre les chercheurs et les milieux preneurs pour optimiser l'accompagnement et le transfert de connaissances,Organiser une table de concertation pour réunir les membres de la communauté de la recherche et des milieux preneurs autour d'objectifs communs,Organize a consultation table to bring together members of the research community and end-user settings around shared objectives,Maillage et Concertation,CLAIR,Table de concertation = maillage,,,keep,M1,Tables de concertation thématiques,Espaces de discussion inter-groupes au sein du RSN autour de thèmes spécifiques.,Cross-group discussion spaces within the RSN around specific themes.,,,,oui,non démarré
A3-OS2-b,Axe 3 : Interventions numériques,Favoriser le rapprochement entre les chercheurs et les milieux preneurs pour optimiser l'accompagnement et le transfert de connaissances,Les membres du comité Axe 3 agissent comme ambassadeurs au sein de leurs institutions et réseaux respectifs pour faciliter la communication et identifier les besoins des milieux preneurs,Axis 3 committee members act as ambassadors within their institutions and networks to facilitate communication and identify the needs of end-user settings,Maillage et Concertation,MOYEN,"Identifier des ambassadeurs = maillage, mais flou",,,keep,M4,Partenariats externes et maillage inter-sectoriel,"Liens avec des organisations, experts et milieux preneurs hors RSN.","Links with organizations, experts and end-user settings outside the RSN.",,,,oui,non démarré
A3-OS3-a,Axe 3 : Interventions numériques,Accélérer la collaboration entre chercheurs et développeurs d'interventions numériques pour favoriser l'adéquation aux besoins des parties prenantes,"Lancer une consultation pour identifier les enjeux et opportunités actuels autour des développements technologiques (DME, DSN, etc.) pour proposer des interventions","Launch a consultation to identify current issues and opportunities around technology developments (EMR, DSN, etc.) to propose interventions",Écoute et Consultation,CLAIR,Consultation = écoute des besoins,,,keep,É1,Consultations des besoins par public cible,"Consultations, ateliers et enquêtes pour identifier les besoins et attentes de groupes spécifiques du RSN.","Consultations, workshops and surveys to identify the needs and expectations of specific RSN groups.",,,,oui,non démarré
A3-OS3-b,Axe 3 : Interventions numériques,Accélérer la collaboration entre chercheurs et développeurs d'interventions numériques pour favoriser l'adéquation aux besoins des parties prenantes,Organiser des événements en partenariat avec l'industrie sur le sujet de la santé numérique,Organize events in partnership with industry on digital health topics,Événements & Rayonnement,CLAIR,Événements avec industrie = rayonnement,,,,Év2,Participations et interventions externes,"Présence du RSN dans des événements organisés par d'autres : congrès, partenaires, industrie.","RSN presence at events hosted by others: conferences, partners, industry.",,,,oui,non démarré
A4-OS1-a,Axe 4 : Transformation numérique,Aviser les organisations à une gestion efficace du numérique et de ses tensions,"Cartographier les initiatives, formations et projets existants dans l'écosystème au Québec et en-dehors","Map existing initiatives, training programs and projects in the ecosystem in Québec and beyond",Répertoires & Cartographie,CLAIR,Cartographie = répertoire,,,,R2,Inventaire des formations en santé numérique,"Inventaire structuré des programmes de formation existants en santé numérique, avec analyse du paysage et des lacunes.","Structured inventory of existing training programs in digital health, with landscape and gap analysis.",,CA-FORM-OS3-a;CA-FORM-OS3-c;CA-FORM-OS3-d,,oui,en cours
A4-OS1-b,Axe 4 : Transformation numérique,Aviser les organisations à une gestion efficace du numérique et de ses tensions,Former la communauté de recherche à la vulgarisation des connaissances scientifiques,Train the research community in scientific knowledge translation,Formation & Relève,CLAIR,Former la communauté = formation,,,keep,F1,Formations et ressources éducatives,"Capsules, webinaires, guides pratiques et ressources en ligne créées par le RSN.","Modules, webinars, practical guides and online resources created by the RSN.",,,,oui,non démarré
A4-OS1-c,Axe 4 : Transformation numérique,Aviser les organisations à une gestion efficace du numérique et de ses tensions,Organiser des ateliers de travail et de consultation pour prendre connaissance des priorités et des besoins,Run workshops and consultations to learn about priorities and needs,Écoute et Consultation,CLAIR,Ateliers de consultation = écoute,,,keep,É1,Consultations des besoins par public cible,"Consultations, ateliers et enquêtes pour identifier les besoins et attentes de groupes spécifiques du RSN.","Consultations, workshops and surveys to identify the needs and expectations of specific RSN groups.",,,,oui,non démarré
A4-OS2-a,Axe 4 : Transformation numérique,Alimenter la réflexion autour des politiques publiques pour favoriser une transformation numérique basée sur des évidences scientifiques,Mobiliser les experts de l'axe aux compétences diverses et complémentaires,Mobilize axis experts with diverse and complementary skills,Maillage et Concertation,FAIBLE,'Mobiliser les experts' est très flou - pour faire quoi?,,,rewrite,M1,Tables de concertation thématiques,Espaces de discussion inter-groupes au sein du RSN autour de thèmes spécifiques.,Cross-group discussion spaces within the RSN around specific themes.,À CLARIFIER: Quel est le livrable attendu?,,,oui,non démarré
A4-OS2-b,Axe 4 : Transformation numérique,Alimenter la réflexion autour des politiques publiques pour favoriser une transformation numérique basée sur des évidences scientifiques,Mettre en place une table de concertation sur la gouvernance et le changement organisationnel,Set up a consultation table on governance and organizational change,Maillage et Concertation,CLAIR,Table de concertation = maillage,,,keep,M1,Tables de concertation thématiques,Espaces de discussion inter-groupes au sein du RSN autour de thèmes spécifiques.,Cross-group discussion spaces within the RSN around specific themes.,,,,oui,non démarré
A4-OS2-c,Axe 4 : Transformation numérique,Alimenter la réflexion autour des politiques publiques pour favoriser une transformation numérique basée sur des évidences scientifiques,Éclairer la décision publique en lien avec la mise en oeuvre des interventions numériques (telles que le DSN),Inform public decision-making related to the implementation of digital interventions (such as the DSN),Influence & Représentation,CLAIR,Éclairer la décision publique = influence,,,keep,I2,Représentation dans les instances,Présence active du RSN dans les comités et projets gouvernementaux pour influencer les décisions.,Active RSN presence in government committees and projects to influence decisions.,,,,oui,non démarré
A4-OS3-a,Axe 4 : Transformation numérique,"Outiller les chercheurs, gestionnaires et patients pour comprendre les nouveaux cadres en lien avec le numérique en santé",Prendre contact avec des experts en vulgarisation juridique (i.e. Educaloi),Reach out to experts in legal plain-language outreach (e.g. Educaloi),Maillage et Concertation,CLAIR,Prendre contact avec experts = maillage,,,keep,M4,Partenariats externes et maillage inter-sectoriel,"Liens avec des organisations, experts et milieux preneurs hors RSN.","Links with organizations, experts and end-user settings outside the RSN.",,,,oui,en cours
A4-OS3-b,Axe 4 : Transformation numérique,"Outiller les chercheurs, gestionnaires et patients pour comprendre les nouveaux cadres en lien avec le numérique en santé",Réunir les formations et ressources sur les lois 5 et 25,Gather training and resources on Bills 5 and 25,Répertoires & Cartographie,CLAIR,Réunir les formations et ressources = répertoire,,,,R2,Inventaire des formations en santé numérique,"Inventaire structuré des programmes de formation existants en santé numérique, avec analyse du paysage et des lacunes.","Structured inventory of existing training programs in digital health, with landscape and gap analysis.",,,,oui,en cours
A4-OS3-c,Axe 4 : Transformation numérique,"Outiller les chercheurs, gestionnaires et patients pour comprendre les nouveaux cadres en lien avec le numérique en santé","Produire des formations et ressources pertinentes pour des premiers publics cibles (par ex. Chercheurs, Membres RSN, etc)","Produce training and resources relevant to initial target audiences (e.g. researchers, RSN members, etc.)",Formation & Relève,CLAIR,Formations et ressources = formation,,,keep,F1,Formations et ressources éducatives,"Capsules, webinaires, guides pratiques et ressources en ligne créées par le RSN.","Modules, webinars, practical guides and online resources created by the RSN.",,,,oui,en cours
A4-OS4-a,Axe 4 : Transformation numérique,"Mesurer et suivre l'adoption du numérique en santé par les patients, les citoyens et les prestataires",Développer un baromètre numérique en collaboration avec le CSBE pour décrire l'adoption du numérique en santé à partir de données d'enquêtes disponibles,Develop a digital barometer in collaboration with the CSBE to describe digital adoption in health based on available survey data,Guides & Outils,CLAIR,Baromètre = outil de mesure de l'adoption,,,keep,G6,Outils de mesure et de maturité de la transformation numérique,"Produire et rendre accessibles des instruments de mesure et d'évaluation de la transformation numérique en santé : baromètre populationnel (CSBE), outils d'évaluation des compétences numériques, outils de maturité numérique organisationnelle.","Produce and make accessible measurement and evaluation instruments for digital transformation in health: population barometer (CSBE), digital literacy assessment tools, organizational digital-maturity tools.",Sous-projet renommé pour anticiper les actions moyen terme A4-OS1 (outils d'évaluation des compétences et de maturité numérique organisationnelle) qui rejoindront naturellement ce livrable.,,,oui,en cours
CA-FORM-OS1-a,Champ d'action : Formation interdisciplinaire,Promouvoir le développement d'une formation interdisciplinaire en santé numérique,"Soutien aux événements de formation (Digital Health, McGill Workshop, Math for Health et autres avec des organisations telles que l'IVADO)","Support training events (Digital Health, McGill Workshop, Math for Health and others with organizations like IVADO)",Formation & Relève,CLAIR,"Soutien à des événements de formation nommés (Digital Health, McGill Workshop, Math for Health, IVADO) = ressources éducatives",,,keep,F1,Formations et ressources éducatives,"Développement de formations, ateliers et ressources pédagogiques en santé numérique.","Development of training programs, workshops and educational resources in digital health.","Action restaurée à sa formulation originale : la réécriture précédente avait effacé les noms d'événements et de partenaires (Digital Health, McGill Workshop, Math for Health, IVADO) qui ancraient l'action.",,,oui,en cours
CA-FORM-OS1-b,Champ d'action : Formation interdisciplinaire,Promouvoir le développement d'une formation interdisciplinaire en santé numérique,Mettre en place un formulaire web RSN permettant aux membres de soumettre les short courses et workshops à venir (vue dynamique des formations),Set up an RSN web form allowing members to submit upcoming short courses and workshops (dynamic view of training),Répertoires & Cartographie,CLAIR,Outil web prospectif qui complète l'inventaire statique R2 — annoncé par CA-FORM (Celia Greenwood) comme déjà en cours de mise en œuvre.,,,keep,R2,Inventaire des formations en santé numérique,"Inventaire structuré des programmes de formation existants en santé numérique, avec analyse du paysage et des lacunes.","Structured inventory of existing training programs in digital health, with landscape and gap analysis.",Action ajoutée suite au retour de Celia Greenwood (CA-FORM) — complément dynamique de l'inventaire statique R2.,,,oui,en cours
CA-FORM-OS2-a,Champ d'action : Formation interdisciplinaire,Soutenir la formation de la prochaine génération par l'acquisition de connaissances et la pratique,"Mise en place d'une consultation sur les besoins des étudiants (comité, enquête, événements)","Set up a consultation on student needs (committee, survey, events)",Écoute et Consultation,CLAIR,Consultation sur les besoins = écoute,,,keep,É1,Consultations des besoins par public cible,"Consultations, ateliers et enquêtes pour identifier les besoins et attentes de groupes spécifiques du RSN.","Consultations, workshops and surveys to identify the needs and expectations of specific RSN groups.",,,,oui,en cours
CA-FORM-OS2-b,Champ d'action : Formation interdisciplinaire,Soutenir la formation de la prochaine génération par l'acquisition de connaissances et la pratique,Soutien aux manifestations étudiantes sur la santé numérique,Support student events on digital health,Événements & Rayonnement,CLAIR,Soutien à des manifestations étudiantes thématisées santé numérique,,,keep,Év1,Événements organisés par le RSN,"Colloques, journées thématiques, ateliers et événements produits ou co-produits par le réseau.","Colloquia, thematic days, workshops and events produced or co-produced by the network.",Action restaurée à sa formulation originale : la réécriture précédente avait perdu la thématisation « santé numérique » qui est centrale.,,,oui,en cours
CA-FORM-OS3-a,Champ d'action : Formation interdisciplinaire,Faciliter l'accès des chercheurs aux formations existantes,Inventaire des programmes de formation existants et catégorisation,Inventory and categorize existing training programs,Répertoires & Cartographie,CLAIR,Inventaire = répertoire,,,keep,R2,Inventaire des formations en santé numérique,"Inventaire structuré des programmes de formation existants en santé numérique, avec analyse du paysage et des lacunes.","Structured inventory of existing training programs in digital health, with landscape and gap analysis.","Travail mené en coordination avec A4-OS1-a (Aude Motulsky, Axe 4) — cartographie en cours. Fusion potentielle avec OS3-c (analyse du paysage) et OS3-d (analyse des lacunes) à proposer à l'équipe : les 3 actions forment un enchaînement méthodologique cohérent (inventaire → paysage → lacunes) qui produit un seul livrable « État des lieux et lacunes de la formation en santé numérique ».",A4-OS1-a,,oui,en cours
CA-FORM-OS3-b,Champ d'action : Formation interdisciplinaire,Faciliter l'accès des chercheurs aux formations existantes,"Mettre en place une consultation sur les besoins des chercheurs (comité, enquête, événements)","Set up a consultation on researcher needs (committee, survey, events)",Écoute et Consultation,CLAIR,Consultation = écoute,,,keep,É1,Consultations des besoins par public cible,"Consultations, ateliers et enquêtes pour identifier les besoins et attentes de groupes spécifiques du RSN.","Consultations, workshops and surveys to identify the needs and expectations of specific RSN groups.",,,,oui,en cours
CA-FORM-OS3-c,Champ d'action : Formation interdisciplinaire,Faciliter l'accès des chercheurs aux formations existantes,Effectuer une analyse du paysage de la formation,Conduct a landscape analysis of training,Répertoires & Cartographie,CLAIR,Analyse du paysage = cartographie,,,keep,R2,Inventaire des formations en santé numérique,"Inventaire structuré des programmes de formation existants en santé numérique, avec analyse du paysage et des lacunes.","Structured inventory of existing training programs in digital health, with landscape and gap analysis.","Travail mené en coordination avec A4-OS1-a (Aude Motulsky, Axe 4) — cartographie en cours. Fusion potentielle avec OS3-a (inventaire) et OS3-d (analyse des lacunes) — voir note sur OS3-a.",A4-OS1-a,,oui,en cours
CA-FORM-OS3-d,Champ d'action : Formation interdisciplinaire,Faciliter l'accès des chercheurs aux formations existantes,Effectuer une analyse des lacunes,Conduct a gap analysis,Répertoires & Cartographie,CLAIR,Analyse des lacunes du paysage de formation = analyse de l'inventaire,,,keep,R2,Inventaire des formations en santé numérique,"Inventaire structuré des programmes de formation existants en santé numérique, avec analyse du paysage et des lacunes.","Structured inventory of existing training programs in digital health, with landscape and gap analysis.","Travail mené en coordination avec A4-OS1-a (Aude Motulsky, Axe 4) — cartographie en cours. Action restaurée à sa formulation originale et déplacée de C5-1 vers R2 : l'analyse des lacunes est l'analyse de l'inventaire (OS3-a) et du paysage de formation (OS3-c), pas une consultation. Les 3 actions OS3-a/c/d forment une trilogie cohérente dans R2.",A4-OS1-a,,oui,en cours
CA-MOB-OS1-a,Champ d'action : Mobilisation des connaissances,Soutenir et faciliter l'échange intersectoriel de connaissances et promouvoir les collaborations,Établir des réunions interdisciplinaires régulières,Establish regular interdisciplinary meetings,Maillage et Concertation,CLAIR,Réunions interdisciplinaires = maillage,,,keep,M3,Communautés de pratique et réseaux collaboratifs,Maillage entre chercheurs et apprentissage entre pairs via des communautés de pratique.,Networking between researchers and peer learning through communities of practice.,,,,oui,non démarré
CA-MOB-OS1-b,Champ d'action : Mobilisation des connaissances,Soutenir et faciliter l'échange intersectoriel de connaissances et promouvoir les collaborations,Identifier les expertises des différents membres et les présenter sur le site du RSN,Identify members' expertise and showcase it on the RSN website,Répertoires & Cartographie,CLAIR,Identifier expertises = répertoire,,,,R1,"Répertoire des expertises, actifs et infrastructures RSN","Bottin unifié des personnes, expertises, plateformes, actifs numériques et infrastructures du RSN, avec vue géographique.","Unified directory of people, expertise, platforms, digital assets and RSN infrastructure, with a geographic view.",,,,oui,en cours
CA-MOB-OS1-c,Champ d'action : Mobilisation des connaissances,Soutenir et faciliter l'échange intersectoriel de connaissances et promouvoir les collaborations,Identifier les communautés existantes et identifier les gaps,Identify existing communities and identify gaps,Répertoires & Cartographie,CLAIR,Identifier communautés = cartographie,,,keep,R3,Répertoire des outils et ressources thématiques,"Inventaire des outils, méthodes et ressources existants par thématique de recherche en santé numérique.","Inventory of existing tools, methods and resources by research theme in digital health.",Cartographier les communautés de pratique existantes — livrable = cartographie des CdP.,,,oui,non démarré
CA-MOB-OS1-d,Champ d'action : Mobilisation des connaissances,Soutenir et faciliter l'échange intersectoriel de connaissances et promouvoir les collaborations,Préciser le public et l'objectif précis en matière de mobilisation des connaissances,Define the audience and specific objective for knowledge mobilization,Guides & Outils,CLAIR,Cadrage stratégique RSN de la mobilisation = cadre méthodologique,"Définir le cadre RSN de mobilisation des connaissances : public cible, objectifs spécifiques, modalités opérationnelles",Define the audience and specific objective for knowledge mobilization,rewrite,G1,Harmonisation des bonnes pratiques méthodologiques,"Produire un cadre commun de bonnes pratiques pour la communauté de recherche, accessible en français.","Produce a common framework of best practices for the research community, accessible in French.",Reformulée en cadre opérationnel et déplacée de C5-1 vers G1 : action fondationnelle qui définit le QUI et le QUOI de la mobilisation des connaissances au RSN. Cohérent avec PD-ENG-OS3-a (modalités d'engagement) déjà dans G1.,,,oui,non démarré
CA-MOB-OS2-a,Champ d'action : Mobilisation des connaissances,Améliorer l'accessibilité et l'utilisation de la recherche en santé numérique,Élaborer des résumés conviviaux des connaissances et articles,Develop accessible summaries of research findings and articles,Événements & Rayonnement,CLAIR,Résumés conviviaux = contenus de diffusion,,,keep,Év3,Communications et contenus de diffusion,"Production de contenus (bulletins, balados, réseaux sociaux) pour le rayonnement du réseau.","Content production (newsletters, podcasts, social media) for network outreach.","Fusion potentielle intra-OS2 avec OS2-b à proposer dans le mail : « Identifier les besoins des utilisateurs de la recherche (chercheurs, milieux preneurs) et élaborer les résumés conviviaux qui y répondent » (cycle besoins → livrables).",,,oui,non démarré
CA-MOB-OS2-b,Champ d'action : Mobilisation des connaissances,Améliorer l'accessibilité et l'utilisation de la recherche en santé numérique,Identifier les besoins des groupes cibles en matière d'accès et utilisation des connaissances,Identify target groups' needs for access to and use of knowledge,Écoute et Consultation,CLAIR,Identifier les besoins des utilisateurs de la recherche = consultation,,,keep,É1,Consultations des besoins par public cible,"Consultations, ateliers et enquêtes pour identifier les besoins et attentes de groupes spécifiques du RSN.","Consultations, workshops and surveys to identify the needs and expectations of specific RSN groups.","Groupes cibles ici = utilisateurs internes de la recherche (chercheurs, professionnels, milieux preneurs) contextuellement à l'OS2. Fusion potentielle intra-OS2 avec OS2-a à proposer dans le mail (cycle besoins utilisateurs → résumés conviviaux).",,,oui,en cours
CA-MOB-OS2-c,Champ d'action : Mobilisation des connaissances,Améliorer l'accessibilité et l'utilisation de la recherche en santé numérique,Collaborer activement avec les axes et le comité étudiant,Actively collaborate with the axes and the student committee,Maillage et Concertation,CLAIR,'Collaborer activement' est très flou,À CLARIFIER: Quelles actions concrètes?,Actively collaborate with the axes and the student committee,rewrite,M1,Tables de concertation thématiques,Espaces de discussion inter-groupes au sein du RSN autour de thèmes spécifiques.,Cross-group discussion spaces within the RSN around specific themes.,,,,oui,non démarré
CA-MOB-OS2-d,Champ d'action : Mobilisation des connaissances,Améliorer l'accessibilité et l'utilisation de la recherche en santé numérique,Porter attention au problème de disponibilité et de biais pour les données populations marginalisées,Pay attention to the issue of data availability and bias for marginalized populations,Guides & Outils,FAIBLE,'Porter attention' n'est pas une action,,,,G3,Grilles de référence par principe directeur,"Pour chaque principe directeur, produire UNE grille de référence couvrant à la fois les critères d'intégration dans les projets ET les indicateurs de mesure d'impact.","For each guiding principle, produce ONE reference grid covering both project-integration criteria AND impact indicators.",Intention valide mais trop vague comme action. À transformer en guide concret. | À CLARIFIER: Quel livrable concernant les biais?,,,oui,non démarré
CA-MOB-OS3-a,Champ d'action : Mobilisation des connaissances,Renforcer l'engagement citoyen et la littératie numérique en santé par la diffusion accessible des connaissances et des pratiques fondées sur des données probantes,Accéder aux revues de littérature existantes et les compiler au besoin,Access existing literature reviews and compile them as needed,Répertoires & Cartographie,CLAIR,Compiler revues = répertoire,,,,R3,Répertoire des outils et ressources thématiques,"Inventaire des outils, méthodes et ressources existants par thématique transversale (EDIA, engagement citoyen, science ouverte, etc.).","Inventory of existing tools, methods and resources by cross-cutting theme (EDIA, citizen engagement, open science, etc.).",Compilation des revues de littérature existantes comme ressources de référence.,,,oui,non démarré
CA-MOB-OS3-b,Champ d'action : Mobilisation des connaissances,Renforcer l'engagement citoyen et la littératie numérique en santé par la diffusion accessible des connaissances et des pratiques fondées sur des données probantes,Développer un bulletin d'informations régulier pour le partage des résultats de recherche,Develop a regular newsletter to share research findings,Événements & Rayonnement,CLAIR,Bulletin d'informations = outil de communication grand public,,,keep,Év3,Communications et contenus de diffusion,"Production de contenus (bulletins, balados, réseaux sociaux) pour le rayonnement du réseau.","Content production (newsletters, podcasts, social media) for network outreach.","Fusion potentielle intra-OS3 avec OS3-c à proposer dans le mail : « Identifier les besoins des citoyens et du grand public, et développer un bulletin d'informations régulier qui y répond » (cycle besoins citoyens → bulletin).",,,oui,non démarré
CA-MOB-OS3-c,Champ d'action : Mobilisation des connaissances,Renforcer l'engagement citoyen et la littératie numérique en santé par la diffusion accessible des connaissances et des pratiques fondées sur des données probantes,Identifier les besoins des groupes cibles en matière d'accès et utilisation des connaissances,Identify target groups' needs for access to and use of knowledge,Écoute et Consultation,CLAIR,Identifier les besoins des citoyens et grand public = consultation,,,keep,É1,Consultations des besoins par public cible,"Consultations, ateliers et enquêtes pour identifier les besoins et attentes de groupes spécifiques du RSN.","Consultations, workshops and surveys to identify the needs and expectations of specific RSN groups.",Groupes cibles ici = citoyens et grand public contextuellement à l'OS3 (engagement citoyen + littératie). Texte identique à OS2-b mais public différent — à expliciter dans le mail. Fusion potentielle intra-OS3 avec OS3-b à proposer (cycle besoins citoyens → bulletin).,,,oui,non démarré
CA-RENF-OS1-a,Champ d'action : Renforcement des capacités,Consolider les compétences de l'ensemble des chercheur(e)s,Développer des communautés de pratique,Develop communities of practice,Maillage et Concertation,CLAIR,Communautés de pratique = maillage,,,keep,M3,Communautés de pratique et réseaux collaboratifs,Maillage entre chercheurs et apprentissage entre pairs via des communautés de pratique.,Networking between researchers and peer learning through communities of practice.,Fusion potentielle intra-OS1 avec OS1-b à proposer dans le mail : « Développer des communautés de pratique et des réseaux d'apprentissages collaboratifs pour partager les défis et solutions rencontrés dans les projets ».,,,oui,non démarré
CA-RENF-OS1-b,Champ d'action : Renforcement des capacités,Consolider les compétences de l'ensemble des chercheur(e)s,"Créer des réseaux d'apprentissages collaboratifs pour partager les défis, expériences et solutions rencontrés dans les projets","Create collaborative learning networks to share challenges, experiences and solutions encountered in projects",Maillage et Concertation,CLAIR,Réseaux collaboratifs = maillage,,,keep,M3,Communautés de pratique et réseaux collaboratifs,Maillage entre chercheurs et apprentissage entre pairs via des communautés de pratique.,Networking between researchers and peer learning through communities of practice.,Fusion potentielle intra-OS1 avec OS1-a (voir note sur OS1-a). Les deux actions visent des structures collaboratives d'apprentissage entre pairs très proches.,,,oui,non démarré
CA-RENF-OS2-a,Champ d'action : Renforcement des capacités,Assurer la cohérence des solutions existantes et nouvelles entre les axes et optimiser les solutions communes pour la recherche collaborative de bout en bout (end-to-end),"Assurer la réalisation des cartographies des assets critiques aux axes (des plateformes, des actifs et des capacités existantes) pour mieux identifier les complémentarités, les synergies potentielles et les opportunités d'amélioration","Ensure the mapping of critical assets across axes (platforms, assets and existing capabilities) to better identify complementarities, potential synergies and improvement opportunities",Répertoires & Cartographie,CLAIR,Cartographies des assets = répertoire,,,,R1,"Répertoire des expertises, actifs et infrastructures RSN","Bottin unifié des personnes, expertises, plateformes, actifs numériques et infrastructures du RSN, avec vue géographique.","Unified directory of people, expertise, platforms, digital assets and RSN infrastructure, with a geographic view.",,,,oui,en cours
CA-RENF-OS3-a,Champ d'action : Renforcement des capacités,Outiller les chercheur(e)s pour mesurer adéquatement l'impact de leurs activités en termes de capacité,Mettre en place un comité de suivi chargé d'évaluer les progrès réalisés et de suivre les impacts des initiatives entreprises,Set up a monitoring committee to evaluate progress and track the impacts of the initiatives undertaken,Maillage et Concertation,CLAIR,Comité de suivi avec mandat précis (évaluer progrès + suivre impacts initiatives) = structure interne,,,keep,M2,Comités et structures participatives,Création de comités spécifiques au sein du RSN pour la gouvernance participative.,Creation of dedicated committees within the RSN for participatory governance.,Action restaurée à sa formulation originale : la réécriture précédente (« Mettre en place un comité de suivi d'impact ») avait perdu le mandat précis du comité (évaluer les progrès + suivre les impacts des initiatives entreprises).,,,oui,non démarré
CA-RENF-OS3-b,Champ d'action : Renforcement des capacités,Outiller les chercheur(e)s pour mesurer adéquatement l'impact de leurs activités en termes de capacité,"Revoir les critères et cadres existants, et définir ce qu'il est nécessaire de suivre et comment le faire","Review existing criteria and frameworks, and define what needs to be tracked and how",Guides & Outils,CLAIR,Revue des critères/cadres existants + définition du suivi = guide RSN du suivi,Revoir les critères et cadres existants pour produire un guide RSN du suivi : ce qu'il est nécessaire de suivre et comment le faire,"Review existing criteria and frameworks, and define what needs to be tracked and how",rewrite,G3,Grilles de référence par principe directeur,"Pour chaque principe directeur, produire UNE grille de référence couvrant à la fois les critères d'intégration dans les projets ET les indicateurs de mesure d'impact.","For each guiding principle, produce ONE reference grid covering both project-integration criteria AND impact indicators.",Reformulation hybride : préserve les deux temps de l'original (revue de l'existant + définition du suivi) en explicitant le livrable final (un guide RSN du suivi). Cadre général et méthodologique qui devient la base commune des grilles de référence par PD.,,,oui,non démarré
PD-ENG-OS1-a,Principe directeur : Engagement citoyen,Promouvoir le dialogue et l'engagement de la patientèle et du public autour des interventions en santé numérique,"Travailler en partenariat avec des organisations et communautés clés (CEPPP, Communauté expérience, Communauté expérience et partenariat des soins et de services) comme leviers pour les actions du principe fondateur et de ses membres (du co-développement à la communication)","Work in partnership with key organizations and communities (CEPPP, Patient Experience Community, Care & Service Partnership Community) as levers for the guiding principle's actions and members (from co-development to communication)",Maillage et Concertation,CLAIR,Partenariat avec organisations = maillage,,,keep,M4,Partenariats externes et maillage inter-sectoriel,"Liens avec des organisations, experts et milieux preneurs hors RSN.","Links with organizations, experts and end-user settings outside the RSN.",,,,oui,en cours
PD-ENG-OS1-b,Principe directeur : Engagement citoyen,Promouvoir le dialogue et l'engagement de la patientèle et du public autour des interventions en santé numérique,Recenser et analyser les attentes et les besoins de la patientèle et du public en santé numérique au travers de différents types de consultation et d'implication,Identify and analyze patient and public expectations and needs in digital health through different forms of consultation and involvement,Écoute et Consultation,CLAIR,Recenser besoins = consultation,,,keep,É1,Consultations des besoins par public cible,"Consultations, ateliers et enquêtes pour identifier les besoins et attentes de groupes spécifiques du RSN.","Consultations, workshops and surveys to identify the needs and expectations of specific RSN groups.",,,,oui,non démarré
PD-ENG-OS1-c,Principe directeur : Engagement citoyen,Promouvoir le dialogue et l'engagement de la patientèle et du public autour des interventions en santé numérique,"Recenser et identifier les meilleurs outils, méthodes et pratiques de dialogue et de partenariat pour promouvoir le rapprochement et les échanges entre la communauté de recherche et de la patientèle et du public en santé numérique","Identify the best tools, methods and practices for dialogue and partnership to foster engagement between the research community and patients and the public in digital health",Répertoires & Cartographie,CLAIR,Recenser outils et méthodes = répertoire,,,,R3,Répertoire des outils et ressources thématiques,"Inventaire des outils, méthodes et ressources existants par thématique transversale (EDIA, engagement citoyen, science ouverte, etc.).","Inventory of existing tools, methods and resources by cross-cutting theme (EDIA, citizen engagement, open science, etc.).",,,,oui,en cours
PD-ENG-OS2-a,Principe directeur : Engagement citoyen,Favoriser la co-construction de projets en santé numérique avec la patientèle et le public,"Favoriser l'intégration des concepts et méthodes de co-construction et de partenariat dans les interventions numériques provinciales en cours de réalisation, telles que le Dossier santé numérique (et son volet portail patient My Chart)","Foster the integration of co-construction and partnership concepts and methods in provincial digital interventions under way, such as the Digital Health Record (and its patient-portal component My Chart)",Influence & Représentation,CLAIR,Intégration des méthodes de co-construction dans les instances DSN/MyChart = influence,,,keep,I2,Représentation dans les instances,Présence active du RSN dans les comités et projets gouvernementaux pour influencer les décisions.,Active RSN presence in government committees and projects to influence decisions.,Action restaurée à sa formulation originale : la réécriture précédente avait perdu la dimension « concepts et méthodes de co-construction » qui est au cœur du principe Engagement citoyen.,,,oui,non démarré
PD-ENG-OS2-b,Principe directeur : Engagement citoyen,Favoriser la co-construction de projets en santé numérique avec la patientèle et le public,Former un comité patientèle et public au sein du RSN qui se fixerait des objectifs à court terme (ex. intégrer un axe Santé numérique dans le Programme national de santé publique pour une santé plus connectée inclusive et innovante),"Form a patient and public committee within the RSN that sets short-term goals (e.g. integrate a Digital Health axis in the National Public Health Program for a more connected, inclusive and innovative health system)",Maillage et Concertation,CLAIR,Former un comité = concertation,,,keep,M2,Comités et structures participatives,Création de comités spécifiques au sein du RSN pour la gouvernance participative.,Creation of dedicated committees within the RSN for participatory governance.,,,,oui,terminé
PD-ENG-OS3-a,Principe directeur : Engagement citoyen,Favoriser l'accessibilité de la patientèle et du public aux connaissances et interventions en santé numérique,"Définir les modalités d'engagement et de partage des connaissances (symposium, journée scientifique, feuille de route, etc.) pour le développement des interventions en santé numérique","Define engagement and knowledge-sharing modalities (symposium, scientific day, roadmap, etc.) for developing digital health interventions",Guides & Outils,CLAIR,Cadre opérationnel des modalités d'engagement = guide de bonnes pratiques participatives,,,keep,G1,Harmonisation des bonnes pratiques méthodologiques,"Produire un cadre commun de bonnes pratiques pour la communauté de recherche, accessible en français.","Produce a common framework of best practices for the research community, accessible in French.","Action restaurée à sa formulation originale et déplacée de G2 vers G1. Ce livrable produit un guide opérationnel sur les modalités d'engagement (formats : symposiums, journées, feuilles de route), ce qui élargit le périmètre de G1 aux méthodologies participatives en plus des méthodologies quantitatives portées par A2/A3. Voir GAP-DEF-ENG pour la définition d'engagement citoyen à ajouter au lexique G2.",,,oui,non démarré
PD-ENG-OS3-b,Principe directeur : Engagement citoyen,Favoriser l'accessibilité de la patientèle et du public aux connaissances et interventions en santé numérique,Développer ou promouvoir des balados et webinaires pour partager les résultats scientifiques et les bénéfices du partenariat en s'appuyant sur la vision et contribution de la patientèle et du public,"Develop or promote podcasts and webinars to share scientific findings and partnership benefits, leveraging the vision and contribution of patients and the public",Événements & Rayonnement,CLAIR,Balados et webinaires = événements,,,,Év3,Communications et contenus de diffusion,"Production de contenus (bulletins, balados, réseaux sociaux) pour le rayonnement du réseau.","Content production (newsletters, podcasts, social media) for network outreach.",,,,oui,non démarré
PD-ENG-OS3-c,Principe directeur : Engagement citoyen,Favoriser l'accessibilité de la patientèle et du public aux connaissances et interventions en santé numérique,Soutenir la communauté de recherche dans l'organisation de conférences accessibles à la patientèle et au public pour favoriser le dialogue et l'engagement,Support the research community in organizing conferences accessible to patients and the public to foster dialogue and engagement,Événements & Rayonnement,MOYEN,'Soutenir l'organisation' est flou,Organiser des conférences accessibles au public,Support the research community in organizing conferences accessible to patients and the public to foster dialogue and engagement,,Év1,Événements organisés par le RSN,"Colloques, journées thématiques, ateliers et événements produits ou co-produits par le réseau.","Colloquia, thematic days, workshops and events produced or co-produced by the network.",,,,oui,en cours
PD-ENG-OS3-d,Principe directeur : Engagement citoyen,Favoriser l'accessibilité de la patientèle et du public aux connaissances et interventions en santé numérique,"Considérer pour ces actions les spécificités du Québec, ce qui s'applique et ce qui ne s'applique pas",Consider Québec specificities for these actions: what applies and what does not,Répertoires & Cartographie,CLAIR,Étude des spécificités québécoises = veille thématique pour adapter les outils,"Réaliser une étude comparative des spécificités québécoises en engagement citoyen et partenariat patient (cadre légal, contexte sociopolitique, pratiques de la patientèle québécoise) pour adapter les modalités et outils du principe directeur au contexte local",Consider Québec specificities for these actions: what applies and what does not,rewrite,R3,Répertoire des outils et ressources thématiques,"Inventaire des outils, méthodes et ressources existants par thématique transversale (EDIA, engagement citoyen, science ouverte, gouvernance, etc.).","Inventory of existing tools, methods and resources by cross-cutting theme (EDIA, citizen engagement, open science, governance, etc.).",Reformulée en étude comparative et déplacée de C5-2 vers R3 : alimente la veille thématique sur les pratiques québécoises (cohérent avec PD-SCI-OS1-c pour Science ouverte et PD-DUR-OS1-a pour Santé durable).,,,oui,non démarré
PD-CONF-OS1-a,Principe directeur : Numérique de confiance,Intégrer une vision partagée du numérique de confiance dans les axes et les actions du RSN,Organiser des rencontres transversales avec les axes et les principes du RSN pour définir une définition partagée du numérique de confiance,Organize cross-cutting meetings with the RSN axes and guiding principles to build a shared definition of trustworthy digital,Maillage et Concertation,CLAIR,Rencontres transversales = concertation,,,keep,M1,Tables de concertation thématiques,Espaces de discussion inter-groupes au sein du RSN autour de thèmes spécifiques.,Cross-group discussion spaces within the RSN around specific themes.,,,,oui,en cours
PD-CONF-OS1-b,Principe directeur : Numérique de confiance,Intégrer une vision partagée du numérique de confiance dans les axes et les actions du RSN,Identifier les attentes spécifiques par axe ou champ d'action lors de rencontres bilatérales,Identify specific expectations per axis or field of action through bilateral meetings,Écoute et Consultation,CLAIR,Identifier attentes = consultation,,,keep,É1,Consultations des besoins par public cible,"Consultations, ateliers et enquêtes pour identifier les besoins et attentes de groupes spécifiques du RSN.","Consultations, workshops and surveys to identify the needs and expectations of specific RSN groups.",,,,oui,en cours
PD-CONF-OS1-c,Principe directeur : Numérique de confiance,Intégrer une vision partagée du numérique de confiance dans les axes et les actions du RSN,Produire une première ébauche de la définition sous forme de fiche ou infographie à valider collectivement,Produce an initial draft of the definition as a brief or infographic for collective validation,Guides & Outils,CLAIR,Fiche ou infographie = guide,,,keep,G2,Lexique RSN — Définitions communes,Établir une définition partagée pour chacun des principes directeurs du RSN. Tous les principes devraient être représentés.,Establish a shared definition for each RSN guiding principle. All principles should be represented.,,,,oui,en cours
PD-CONF-OS2-a1,Principe directeur : Numérique de confiance,Renforcer la compréhension des perspectives citoyennes et usagères dans la conception des projets,"Cartographier les organisations et instances clés en numérique de confiance (CEPPP, FRQ, etc.)","Map key organizations and bodies in trustworthy digital (CEPPP, FRQ, etc.)",Répertoires & Cartographie,CLAIR,Cartographier organisations = répertoire,,,rewrite,R1,"Répertoire des expertises, actifs et infrastructures RSN","Bottin unifié des personnes, expertises, plateformes, actifs numériques et infrastructures du RSN, avec vue géographique.","Unified directory of people, expertise, platforms, digital assets and RSN infrastructure, with a geographic view.",Séparé de PD-CONF-OS2-a — volet organisations/entités pour R1. À reformuler pour préciser quelles organisations sont visées.,,,oui,non démarré
PD-CONF-OS2-a2,Principe directeur : Numérique de confiance,Renforcer la compréhension des perspectives citoyennes et usagères dans la conception des projets,Recenser les patients partenaires et groupes citoyens impliqués en numérique de confiance,List patient partners and citizen groups involved in trustworthy digital,Écoute et Consultation,CLAIR,Recenser parties prenantes citoyennes = consultation,,,rewrite,É2,Engagement citoyen et coconstruction,Groupes de discussion et mobilisation de patients partenaires pour coconstruire des critères et priorités.,Focus groups and patient-partner mobilization to co-construct criteria and priorities.,Déplacé vers Consultation & Écoute — recenser les patients/citoyens en vue de les consulter. Cohérent avec PD-CONF-OS2-b (groupes de discussion) et OS2-c (comités patients) déjà dans ce chantier.,,,oui,non démarré
PD-CONF-OS2-b,Principe directeur : Numérique de confiance,Renforcer la compréhension des perspectives citoyennes et usagères dans la conception des projets,Organiser des groupes de discussion citoyens pour coconstruire des critères de confiance,Organize citizen focus groups to co-construct trust criteria,Écoute et Consultation,CLAIR,Groupes de discussion = consultation,,,keep,É2,Engagement citoyen et coconstruction,Groupes de discussion et mobilisation de patients partenaires pour coconstruire des critères et priorités.,Focus groups and patient-partner mobilization to co-construct criteria and priorities.,,,,oui,non démarré
PD-CONF-OS2-c,Principe directeur : Numérique de confiance,Renforcer la compréhension des perspectives citoyennes et usagères dans la conception des projets,Mobiliser les comités de patients partenaires avant de lancer une consultation citoyenne plus large,Mobilize patient partner committees before launching a broader citizen consultation,Écoute et Consultation,CLAIR,Mobiliser comités patients = consultation,,,keep,É2,Engagement citoyen et coconstruction,Groupes de discussion et mobilisation de patients partenaires pour coconstruire des critères et priorités.,Focus groups and patient-partner mobilization to co-construct criteria and priorities.,,,,oui,non démarré
PD-CONF-OS3-a,Principe directeur : Numérique de confiance,"Favoriser des normes et pratiques partagées autour de la transparence, la sécurité, l'éthique, l'éco-responsabilité et la réciprocité","Développer une feuille de route de critères de confiance à appliquer dans les projets (sécurité, éthique, validité, UX)","Develop a roadmap of trust criteria to apply across projects (security, ethics, validity, UX)",Guides & Outils,CLAIR,Feuille de route = guide,,,rewrite,G3,Grilles de référence par principe directeur,"Pour chaque principe directeur, produire UNE grille de référence couvrant à la fois les critères d'intégration dans les projets ET les indicateurs de mesure d'impact.","For each guiding principle, produce ONE reference grid covering both project-integration criteria AND impact indicators.","À reformuler : « Développer une grille de référence Numérique de confiance — critères d'intégration dans les projets et indicateurs d'évaluation de l'impact ». Seule grille existante, modèle pour les autres.",,,oui,non démarré
PD-CONF-OS3-b,Principe directeur : Numérique de confiance,"Favoriser des normes et pratiques partagées autour de la transparence, la sécurité, l'éthique, l'éco-responsabilité et la réciprocité",Déployer cette feuille de route dans différents projets pilotes issus des axes du RSN,Deploy this roadmap in various pilot projects from the RSN axes,Guides & Outils,MOYEN,Déployer dans projets = accompagnement,,,keep,G3,Grilles de référence par principe directeur,"Pour chaque principe directeur, produire UNE grille de référence couvrant l'ensemble des engagements RSN.","For each guiding principle, produce ONE reference grid covering all RSN commitments.",À fusionner avec PD-CONF-OS3-a — le déploiement de la feuille de route fait partie du même projet que sa création.,,,oui,non démarré
PD-CONF-OS3-c,Principe directeur : Numérique de confiance,"Favoriser des normes et pratiques partagées autour de la transparence, la sécurité, l'éthique, l'éco-responsabilité et la réciprocité","Faire connaître ces outils aux parties prenantes concernées : chercheurs, porteurs de projets, comités d'éthique","Make these tools known to the relevant stakeholders: researchers, project leads, ethics committees",Événements & Rayonnement,CLAIR,Faire connaître outils à des destinataires précis = diffusion ciblée,,,keep,Év2,Participations et interventions externes,"Présence du RSN dans des événements organisés par d'autres : congrès, partenaires, industrie.","RSN presence at events hosted by others: conferences, partners, industry.","Action restaurée à sa formulation originale : la réécriture précédente (« Organiser des sessions de présentation ») avait perdu les destinataires explicites (chercheurs, porteurs de projets, comités d'éthique) qui sont au cœur de l'action.",,,oui,non démarré
PD-DUR-OS1-a,Principe directeur : Santé durable,Former et sensibiliser les membres du réseau et les parties prenantes sur la santé numérique durable,Effectuer une revue de la littérature nationale et internationale pour investiguer les concepts et les interventions à l'intersection de la santé durable et de la santé numérique,Conduct a national and international literature review to explore concepts and interventions at the intersection of sustainable health and digital health,Répertoires & Cartographie,CLAIR,Revue de littérature qui alimente le répertoire R3 par sa thématique santé durable × numérique,,,keep,R3,Répertoire des outils et ressources thématiques,"Inventaire des outils, méthodes et ressources existants par thématique transversale (EDIA, engagement citoyen, science ouverte, gouvernance, etc.).","Inventory of existing tools, methods and resources by cross-cutting theme (EDIA, citizen engagement, open science, governance, etc.).",Action conservée à sa formulation originale. R3 reste le chantier d'accueil : la revue alimente le répertoire par identification de concepts et interventions à l'intersection santé durable × numérique (même logique que PD-SCI-OS1-b/c).,,,oui,en cours
PD-DUR-OS1-b,Principe directeur : Santé durable,Former et sensibiliser les membres du réseau et les parties prenantes sur la santé numérique durable,Proposer une définition commune de la santé durable dans un contexte de santé numérique pour le RSN (lexique commun ou une cartographie des concepts clés),Propose a shared definition of sustainable health in a digital health context for the RSN (common lexicon or map of key concepts),Guides & Outils,CLAIR,Définition/lexique = guide,,,keep,G2,Lexique RSN — Définitions communes,Établir une définition partagée pour chacun des principes directeurs du RSN. Tous les principes devraient être représentés.,Establish a shared definition for each RSN guiding principle. All principles should be represented.,,,,oui,en cours
PD-DUR-OS1-c,Principe directeur : Santé durable,Former et sensibiliser les membres du réseau et les parties prenantes sur la santé numérique durable,Organiser une réflexion stratégique sur les données et la santé durable en communication avec les autres acteurs du RSN : quelles données et quelles interventions prioriser au service de la santé durable ?,Lead strategic reflection on data and sustainable health together with other RSN actors: which data and which interventions should be prioritized to serve sustainable health?,Maillage et Concertation,CLAIR,Réflexion stratégique = concertation,,,keep,M1,Tables de concertation thématiques,Espaces de discussion inter-groupes au sein du RSN autour de thèmes spécifiques.,Cross-group discussion spaces within the RSN around specific themes.,,,,oui,non démarré
PD-DUR-OS2-a,Principe directeur : Santé durable,Structurer les partenariats et identifier les ressources pour soutenir les projets porteurs en santé durable,"Identifier et cartographier les partenariats potentiels (ex. milieux ruraux, communautaires, autochtones, municipalités) et définir des rôles potentiels de chacun","Identify and map potential partnerships (e.g. rural, community, Indigenous, municipal) and define potential roles for each",Maillage et Concertation,CLAIR,Identifier partenaires externes = maillage,,,keep,M4,Partenariats externes et maillage inter-sectoriel,"Liens avec des organisations, experts et milieux preneurs hors RSN.","Links with organizations, experts and end-user settings outside the RSN.","Déplacé de Répertoires vers Concertation & Maillage — identifier et structurer des partenariats externes est du maillage, pas une cartographie d'actifs RSN.",,,oui,non démarré
PD-DUR-OS2-b,Principe directeur : Santé durable,Structurer les partenariats et identifier les ressources pour soutenir les projets porteurs en santé durable,Solliciter (afin d'identifier) les citoyens et citoyennes prêts à contribuer à travers différents types de données pour développer des projets et des outils,Reach out to (and identify) citizens willing to contribute through various data types to develop projects and tools,Écoute et Consultation,CLAIR,Solliciter citoyens = consultation,,,keep,É2,Engagement citoyen et coconstruction,Groupes de discussion et mobilisation de patients partenaires pour coconstruire des critères et priorités.,Focus groups and patient-partner mobilization to co-construct criteria and priorities.,,,,oui,non démarré
PD-DUR-OS2-c,Principe directeur : Santé durable,Structurer les partenariats et identifier les ressources pour soutenir les projets porteurs en santé durable,Commencer à identifier des projets dans les autres axes du RSN à fort impact en santé durable à soutenir,Begin identifying projects in other RSN axes with high sustainable-health impact to support,Maillage et Concertation,CLAIR,Recenser projets inter-axes + définir modalités de soutien = maillage interne,Recenser les projets à fort impact santé durable dans les autres axes du RSN et identifier les modalités de soutien,Begin identifying projects in other RSN axes with high sustainable-health impact to support,rewrite,M1,Tables de concertation thématiques,Espaces de discussion inter-groupes au sein du RSN autour de thèmes spécifiques.,Cross-group discussion spaces within the RSN around specific themes.,Reformulée pour combiner recensement et modalités de soutien (les deux dimensions étaient présentes dans l'original « à fort impact... à soutenir »). Reste en C3-1 : la coordination inter-axes pour soutenir les projets passe par la concertation thématique.,,,oui,non démarré
PD-DUR-OS2-d,Principe directeur : Santé durable,Structurer les partenariats et identifier les ressources pour soutenir les projets porteurs en santé durable,Identifier les chercheurs-euses ayant une expertise en santé géographique et en géomatique à impliquer au principe fondateur pour accroître la capacité du RSN à soutenir les projets en lien avec des municipalités,"Identify researchers with expertise in geographic health and geomatics to involve in the guiding principle, to grow the RSN's capacity to support projects linked to municipalities",Répertoires & Cartographie,CLAIR,Identifier chercheurs = répertoire,,,,R1,"Répertoire des expertises, actifs et infrastructures RSN","Bottin unifié des personnes, expertises, plateformes, actifs numériques et infrastructures du RSN, avec vue géographique.","Unified directory of people, expertise, platforms, digital assets and RSN infrastructure, with a geographic view.",,,,oui,non démarré
PD-DUR-OS3-a,Principe directeur : Santé durable,Formuler des recommandations pour assurer la santé numérique durable au Québec,"Élaborer un énoncé politique ou manifeste de l'axe santé durable en collaboration avec l'axe 1 et visant l'intégration des données plurielles et l'accès pour la recherche (en lien avec auto-gestion, prévention, promotion de la santé)","Develop a policy statement or manifesto for sustainable health, jointly with Axis 1, aiming for integration of multiple data types and access for research (linked to self-management, prevention, health promotion)",Influence & Représentation,CLAIR,Énoncé politique = influence,,,keep,I1,Plaidoyers et prises de position,"Manifestes, énoncés politiques et documents d'influence pour porter les enjeux du RSN.","Manifestos, policy statements and advocacy documents to advance RSN priorities.",,A1-OS1-a,,oui,en cours
PD-DUR-OS3-b,Principe directeur : Santé durable,Formuler des recommandations pour assurer la santé numérique durable au Québec,Organiser un atelier de réflexion autour de l'IA et son impact en matière de durabilité,Organize a reflection workshop on AI and its impact on sustainability,Événements & Rayonnement,CLAIR,Atelier de réflexion = événement,,,,Év1,Événements organisés par le RSN,"Colloques, journées thématiques, ateliers et événements produits ou co-produits par le réseau.","Colloquia, thematic days, workshops and events produced or co-produced by the network.",,,,oui,non démarré
PD-SCI-OS1-a,Principe directeur : Science ouverte,Favoriser la mise en place d'un référentiel commun et accessible pour la science ouverte,"Élaborer un sondage auprès des membres du Réseau pour identifier leurs pratiques de partage des données et connaissances, ainsi que leurs besoins",Design a survey of RSN members to identify their data and knowledge-sharing practices and needs,Écoute et Consultation,CLAIR,Sondage = consultation,,,keep,É3,Sondages et outils de collecte,Formulaires et sondages structurés pour recueillir des données auprès des membres.,Structured forms and surveys to gather data from members.,,,,oui,en cours
PD-SCI-OS1-b,Principe directeur : Science ouverte,Favoriser la mise en place d'un référentiel commun et accessible pour la science ouverte,"Réaliser une veille des initiatives existantes internationales et nationales, à la fois les énoncés de principes (UNESCO, NASA Open Science, Tri-Council,) et les outils (Zenodo, Software Heritage, etc.) en science ouverte","Conduct a watch of existing international and national initiatives, including policy statements (UNESCO, NASA Open Science, Tri-Council) and tools (Zenodo, Software Heritage, etc.) in open science",Répertoires & Cartographie,CLAIR,Veille des initiatives = répertoire,,,,R3,Répertoire des outils et ressources thématiques,"Inventaire des outils, méthodes et ressources existants par thématique transversale (EDIA, engagement citoyen, science ouverte, etc.).","Inventory of existing tools, methods and resources by cross-cutting theme (EDIA, citizen engagement, open science, etc.).",Veille internationale — énoncés de principes et outils en science ouverte.,,,oui,non démarré
PD-SCI-OS1-c,Principe directeur : Science ouverte,Favoriser la mise en place d'un référentiel commun et accessible pour la science ouverte,Regarder les initiatives au Québec en particulier (spécificités de ces pratiques dans le cadre juridique et éthique et enseignements tirés),"Look at Québec initiatives in particular (specifics of these practices in the legal and ethical framework, and lessons learned)",Répertoires & Cartographie,CLAIR,Initiatives QC = répertoire,,,,R3,Répertoire des outils et ressources thématiques,"Inventaire des outils, méthodes et ressources existants par thématique transversale (EDIA, engagement citoyen, science ouverte, etc.).","Inventory of existing tools, methods and resources by cross-cutting theme (EDIA, citizen engagement, open science, etc.).",Volet québécois de la veille — spécificités juridiques et éthiques.,,,oui,non démarré
PD-SCI-OS2-a,Principe directeur : Science ouverte,Améliorer l'accessibilité et l'utilisation de la recherche en santé numérique,Créer un espace GitHub RSN avec un modèle de gouvernance et le diffuser dans la communauté,Create an RSN GitHub space with a governance model and roll it out across the community,Guides & Outils,CLAIR,Espace GitHub = outil,,,keep,G4,Infrastructure Science ouverte,Mettre en place les espaces et outils partagés pour la science ouverte — transversale à tous les projets RSN.,Set up shared spaces and tools for open science — cross-cutting across all RSN projects.,Clair et bien placé ici.,,,oui,en cours
PD-SCI-OS2-b,Principe directeur : Science ouverte,Améliorer l'accessibilité et l'utilisation de la recherche en santé numérique,"Partager des packages R et Python, par exemple, avec la communauté","Share R and Python packages, for example, with the community",Guides & Outils,CLAIR,Dépôt central de packages = infrastructure tangible avec gouvernance,Mettre en place un dépôt RSN central de packages R/Python avec processus de revue et de versioning,"Share R and Python packages, for example, with the community",rewrite,G4,Infrastructure Science ouverte,Mettre en place les espaces et outils partagés pour la science ouverte — transversale à tous les projets RSN.,Set up shared spaces and tools for open science — cross-cutting across all RSN projects.,"Reformulée pour transformer l'intention vague (« partager des packages ») en livrable infrastructure tangible avec processus opérationnels (revue, versioning). Reste en G4 — cohérent avec l'espace GitHub RSN (PD-SCI-OS2-a).",,,oui,non démarré
PD-SCI-OS2-c,Principe directeur : Science ouverte,Améliorer l'accessibilité et l'utilisation de la recherche en santé numérique,Proposer des formations pratiques sur des outils comme le rmarkdown et quarto pour la documentation des données,Offer hands-on training on tools such as rmarkdown and quarto for data documentation,Répertoires & Cartographie,CLAIR,Inventorier avant de proposer = répertoire des formations existantes,"Inventorier les formations existantes en science ouverte (rmarkdown, quarto, outils de documentation des données, etc.) avant de proposer de nouvelles formations",Offer hands-on training on tools such as rmarkdown and quarto for data documentation,rewrite,R2,Inventaire des formations en santé numérique,"Inventaire structuré des programmes de formation existants en santé numérique, avec analyse du paysage et des lacunes.","Structured inventory of existing training programs in digital health, with landscape and gap analysis.",Reformulée et déplacée de C4-1 vers R2 : il faut d'abord inventorier l'existant avant de proposer de nouvelles formations. Comble le gap GAP-R2-SCI (PD Science ouverte absent de R2) qui est désormais supprimé. À discuter dans le mail pour valider l'ordre logique.,,,oui,non démarré
PD-SCI-OS3-a,Principe directeur : Science ouverte,Promouvoir une culture de la science ouverte au sein du réseau et à l'externe,"Développer des connaissances accessibles pour les chercheurs et chercheuses sur ce qu'est la science ouverte et comment s'y prendre concrètement (capsules, guides)","Develop accessible knowledge for researchers on what open science is and how to actually do it (briefs, guides)",Formation & Relève,CLAIR,Capsules et guides explicatifs pour chercheur.e.s = ressources éducatives,,,keep,F1,Formations et ressources éducatives,"Capsules, webinaires, guides pratiques et ressources en ligne créées par le RSN.","Modules, webinars, practical guides and online resources created by the RSN.",Déplacée de G4 (Infrastructure) vers C4-1 (Formations et ressources éducatives) : capsules + guides explicatifs sont des ressources pédagogiques pour la communauté de recherche.,,,oui,en cours
PD-SCI-OS3-b,Principe directeur : Science ouverte,Promouvoir une culture de la science ouverte au sein du réseau et à l'externe,"Organiser un événement annuel « Journée science ouverte » au RSN (partage d'expériences, démos)","Organize an annual “Open Science Day” event at the RSN (experience-sharing, demos)",Événements & Rayonnement,CLAIR,Journée annuelle = événement,,,,Év1,Événements organisés par le RSN,"Colloques, journées thématiques, ateliers et événements produits ou co-produits par le réseau.","Colloquia, thematic days, workshops and events produced or co-produced by the network.",,,,oui,non démarré
PD-EDIA-OS1-a,Principe directeur : EDIA,Favoriser une culture inclusive et respectueuse,Élaborer un formulaire d'auto-identification pour le RSN,Develop a self-identification form for the RSN,Écoute et Consultation,CLAIR,Formulaire = outil,,,keep,É3,Sondages et outils de collecte,Formulaires et sondages structurés pour recueillir des données auprès des membres.,Structured forms and surveys to gather data from members.,Ce n'est pas de l'évaluation — c'est un outil de collecte de données / consultation. Appartient à Consultation & Écoute.,,,oui,en cours
PD-EDIA-OS1-b,Principe directeur : EDIA,Favoriser une culture inclusive et respectueuse,Établir une définition commune de l'EDIA pour le RSN,Establish a shared definition of EDIA for the RSN,Guides & Outils,CLAIR,Définition commune = guide,,,keep,G2,Lexique RSN — Définitions communes,Établir une définition partagée pour chacun des principes directeurs du RSN. Tous les principes devraient être représentés.,Establish a shared definition for each RSN guiding principle. All principles should be represented.,,,,oui,non démarré
PD-EDIA-OS1-c,Principe directeur : EDIA,Favoriser une culture inclusive et respectueuse,"Mettre en évidence les bénéfices concrets de l'EDIA (p. ex. dans l'enseignement, les pratiques de gouvernance, l'accueil des populations vulnérables)","Highlight concrete EDIA benefits (e.g. in teaching, governance practices, welcoming vulnerable populations)",Guides & Outils,CLAIR,Indicateurs + exemples concrets = grille d'impact EDIA,Développer des indicateurs et exemples concrets pour mesurer et démontrer l'impact de l'EDIA dans les projets RSN,"Highlight concrete EDIA benefits (e.g. in teaching, governance practices, welcoming vulnerable populations)",rewrite,G3,Grilles de référence par principe directeur,"Pour chaque principe directeur, produire UNE grille de référence couvrant à la fois les critères d'intégration dans les projets ET les indicateurs de mesure d'impact.","For each guiding principle, produce ONE reference grid covering both project-integration criteria AND impact indicators.",Reformulée pour aligner sur le périmètre G3 (indicateurs + exemples d'impact). Fusion potentielle avec OS3-a à proposer à l'équipe (les deux portent sur les bénéfices/impact EDIA).,,,oui,non démarré
PD-EDIA-OS1-d,Principe directeur : EDIA,Favoriser une culture inclusive et respectueuse,"Recenser les outils et ressources disponibles (notamment via les centres SSA, CEPPP, etc.)","Inventory available tools and resources (notably via SSA centres, CEPPP, etc.)",Répertoires & Cartographie,CLAIR,Recenser outils = répertoire,,,,R3,Répertoire des outils et ressources thématiques,"Inventaire des outils, méthodes et ressources existants par thématique transversale (EDIA, engagement citoyen, science ouverte, etc.).","Inventory of existing tools, methods and resources by cross-cutting theme (EDIA, citizen engagement, open science, etc.).",,,,oui,en cours
PD-EDIA-OS2-a,Principe directeur : EDIA,Assurer l'équité dans le processus de dotation des organisations,Sensibiliser les membres du réseau à l'importance d'un recrutement et d'une formation équitables,Raise network members' awareness of the importance of equitable recruitment and training,Formation & Relève,CLAIR,Sensibilisation des membres = ressource éducative interne,,,keep,F1,Formations et ressources éducatives,"Capsules, webinaires, guides pratiques et ressources en ligne créées par le RSN.","Modules, webinars, practical guides and online resources created by the RSN.","Action restaurée à sa formulation originale et déplacée de C7-2 vers C4-1. La sensibilisation cible les membres internes du réseau (pas un public externe), donc relève des ressources éducatives RSN.",,,oui,non démarré
PD-EDIA-OS2-b,Principe directeur : EDIA,Assurer l'équité dans le processus de dotation des organisations,Développer ou adapter un outil d'évaluation EDIA des processus organisationnels (avec une dimension recrutement),Develop or adapt an EDIA assessment tool for organizational processes (with a recruitment dimension),Guides & Outils,CLAIR,Outil d'évaluation = guide,,,keep,G3,Grilles de référence par principe directeur,"Pour chaque principe directeur, produire UNE grille de référence couvrant à la fois les critères d'intégration dans les projets ET les indicateurs de mesure d'impact.","For each guiding principle, produce ONE reference grid covering both project-integration criteria AND impact indicators.",Contribue à la grille EDIA — dimension évaluation des processus.,,,oui,non démarré
PD-EDIA-OS2-c,Principe directeur : EDIA,Assurer l'équité dans le processus de dotation des organisations,"Inclure des critères EDIA dans les procédures d'évaluation existantes, notamment en ce qui concerne les rapports de performance des axes","Include EDIA criteria in existing evaluation procedures, in particular axis performance reports",Guides & Outils,CLAIR,Intégration de critères EDIA dans les procédures gouvernance des axes,,,keep,G3,Grilles de référence par principe directeur,"Pour chaque principe directeur, produire UNE grille de référence couvrant l'ensemble des engagements RSN.","For each guiding principle, produce ONE reference grid covering all RSN commitments.",Action restaurée à sa formulation originale (la réécriture précédente avait perdu la précision « rapports de performance des axes »). Fusion potentielle avec OS2-b et OS3-b à proposer à l'équipe (cadre EDIA multi-niveaux : organisationnel + gouvernance + projet).,,,oui,non démarré
PD-EDIA-OS3-a,Principe directeur : EDIA,Encourager la diversité des approches de recherche et de méthodologies,Mettre en évidence les bénéfices de l'intégration de l'EDIA dans la recherche (démonstration par l'exemple),Highlight the benefits of integrating EDIA in research (lead by example),Guides & Outils,CLAIR,Démonstration par l'exemple = études de cas / indicateurs d'impact,,,keep,G3,Grilles de référence par principe directeur,"Pour chaque principe directeur, produire UNE grille de référence couvrant à la fois les critères d'intégration dans les projets ET les indicateurs de mesure d'impact.","For each guiding principle, produce ONE reference grid covering both project-integration criteria AND impact indicators.",Action restaurée à sa formulation originale. Fusion potentielle avec OS1-c (les deux portent sur les bénéfices/impact EDIA) à proposer à l'équipe dans le mail.,,,oui,non démarré
PD-EDIA-OS3-b,Principe directeur : EDIA,Encourager la diversité des approches de recherche et de méthodologies,Prévoir l'observation et l'évaluation à court terme de l'EDIA dès la conception des projets,Plan for short-term EDIA observation and evaluation from project design,Guides & Outils,CLAIR,Évaluation EDIA dès la conception = composante projet du cadre EDIA,,,keep,G3,Grilles de référence par principe directeur,"Pour chaque principe directeur, produire UNE grille de référence couvrant à la fois les critères d'intégration dans les projets ET les indicateurs de mesure d'impact.","For each guiding principle, produce ONE reference grid covering both project-integration criteria AND impact indicators.",Action restaurée à sa formulation originale (la réécriture précédente avait perdu « dès la conception » qui est critique pour le timing). Fusion potentielle avec OS2-b et OS2-c à proposer à l'équipe (cadre EDIA multi-niveaux : organisationnel + gouvernance + projet).,,,oui,non démarré
GAP-DEF-SCI,Principe directeur : Science ouverte,—,Définition commune de la Science ouverte pour le RSN,Shared definition of Open Science for the RSN,Guides & Outils,,,,,gap,G2,Lexique RSN — Définitions communes,Établir une définition partagée pour chacun des principes directeurs du RSN.,Establish a shared definition for each RSN guiding principle.,Absent du fichier source. Tous les principes directeurs devraient avoir une définition dans ce projet — Science ouverte manque.,,,non,non démarré
GAP-DEF-ENG,Principe directeur : Engagement citoyen,—,Définition commune de l'Engagement citoyen pour le RSN,Shared definition of Citizen Engagement for the RSN,Guides & Outils,,,,,gap,G2,Lexique RSN — Définitions communes,Établir une définition partagée pour chacun des principes directeurs du RSN.,Establish a shared definition for each RSN guiding principle.,Gap créé suite au déplacement de PD-ENG-OS3-a vers G1 : l'action originale ne portait pas sur la définition mais sur les modalités. Une définition d'« Engagement citoyen » reste à produire pour le lexique RSN.,,,non,non démarré
GAP-GR-SCI,Principe directeur : Science ouverte,—,Développer une grille de référence Science ouverte — critères et indicateurs,Develop an Open Science reference grid — criteria and indicators,Guides & Outils,,,,,gap,G3,Grilles de référence par principe directeur,"Pour chaque principe directeur, produire UNE grille de référence.","For each guiding principle, produce ONE reference grid.",À créer sur le modèle de la grille Numérique de confiance.,,,non,non démarré
GAP-GR-DUR,Principe directeur : Santé durable,—,Développer une grille de référence Santé durable — critères et indicateurs,Develop a Sustainable Health reference grid — criteria and indicators,Guides & Outils,,,,,gap,G3,Grilles de référence par principe directeur,"Pour chaque principe directeur, produire UNE grille de référence.","For each guiding principle, produce ONE reference grid.",À créer sur le modèle de la grille Numérique de confiance.,,,non,non démarré
GAP-GR-ENG,Principe directeur : Engagement citoyen,—,Développer une grille de référence Engagement citoyen — critères et indicateurs,Develop a Citizen Engagement reference grid — criteria and indicators,Guides & Outils,,,,,gap,G3,Grilles de référence par principe directeur,"Pour chaque principe directeur, produire UNE grille de référence.","For each guiding principle, produce ONE reference grid.",À créer sur le modèle de la grille Numérique de confiance.,,,non,non démarré
EXT-HACK-2025,Axe 2 / Formation interdisciplinaire,—,Organisation du Hackathon en santé numérique 2025,Hosting of the Digital Health Hackathon 2025,Événements & Rayonnement,CLAIR,Projet externe réalisé par l'Axe 2,,,keep,Év1,Événements organisés par le RSN,"Colloques, journées thématiques, ateliers et événements produits ou co-produits par le réseau.","Colloquia, thematic days, workshops and events produced or co-produced by the network.",Projet externe — non lié à un objectif stratégique spécifique.,,,non,terminé
EXT-COLLOQ,Axe 2 : Modélisation et méthodes numériques,—,Organisation du colloque sur les méthodes quantitatives en santé,Hosting of the colloquium on quantitative methods in health,Événements & Rayonnement,CLAIR,Projet externe réalisé par l'Axe 2,,,keep,Év1,Événements organisés par le RSN,"Colloques, journées thématiques, ateliers et événements produits ou co-produits par le réseau.","Colloquia, thematic days, workshops and events produced or co-produced by the network.",Projet externe — non lié à un objectif stratégique spécifique.,,,non,terminé
EXT-MATHSANTE,Axe 2 / Formation interdisciplinaire,—,Participation au semestre thématique mathématiques et santé,Participation in the thematic semester on mathematics and health,Formation & Relève,CLAIR,Projet externe porté par l'Axe 2,,,keep,F2,Événements et programmes de formation,"Participations à des programmes structurés externes (FONCER, semestre thématique).","Participation in external structured programs (FONCER, thematic semester).",Projet externe — non lié à un objectif stratégique spécifique.,,,non,en cours
EXT-FONCER,Axe 2 / Formation interdisciplinaire,—,Participation au programme FONCER-Biostat,Participation in the FONCER-Biostat program,Formation & Relève,CLAIR,Projet externe porté par l'Axe 2,,,keep,F2,Événements et programmes de formation,"Participations à des programmes structurés externes (FONCER, semestre thématique).","Participation in external structured programs (FONCER, thematic semester).",Projet externe — non lié à un objectif stratégique spécifique.,,,non,en cours
EXT-SMASH-2026,Axe 2 : Modélisation et méthodes numériques,—,Commandite du symposium SMASH 2026,Sponsorship of the SMASH 2026 symposium,Événements & Rayonnement,CLAIR,Commandite d'un événement externe — réalisation associée à l'Axe 2 (signalée par Audrey Durand).,,,keep,Év2,Participations et interventions externes,"Présence du RSN dans des événements organisés par d'autres : congrès, partenaires, industrie.","RSN presence at events hosted by others: conferences, partners, industry.",Ajouté suite au retour d'Audrey Durand (juin 2026).,,,non,terminé
EXT-VHDC-2026,Axe 2 : Modélisation et méthodes numériques,—,Commandite de l'atelier Annual Meeting of the Virtual Human Development Consortium,Sponsorship of the Annual Meeting of the Virtual Human Development Consortium workshop,Événements & Rayonnement,CLAIR,Commandite d'un atelier externe — réalisation associée à l'Axe 2 (signalée par Morgan Craig).,,,keep,Év2,Participations et interventions externes,"Présence du RSN dans des événements organisés par d'autres : congrès, partenaires, industrie.","RSN presence at events hosted by others: conferences, partners, industry.",Ajouté suite au retour de Morgan Craig (juin 2026).,,,non,terminé
GAP-R2-EDIA,Principe directeur : EDIA,—,Inventorier les formations existantes en EDIA,Inventory existing EDIA training programs,Répertoires & Cartographie,,,,,gap,R2,Inventaire des formations en santé numérique,"Inventaire structuré des programmes de formation existants en santé numérique, avec analyse du paysage et des lacunes.","Structured inventory of existing training programs in digital health, with landscape and gap analysis.",PD EDIA absent de R2. L'offre de formation en EDIA devrait être cartographiée dans l'inventaire.,,,non,non démarré
GAP-R3-CONF,Principe directeur : Numérique de confiance,—,"Recenser les outils, cadres et standards existants en confiance numérique","List existing tools, frameworks and standards in trustworthy digital",Répertoires & Cartographie,,,,,gap,R3,Répertoire des outils et ressources thématiques,"Inventaire des outils, méthodes et ressources existants par thématique transversale (EDIA, engagement citoyen, science ouverte, etc.).","Inventory of existing tools, methods and resources by cross-cutting theme (EDIA, citizen engagement, open science, etc.).","PD Numérique de confiance absent de R3. De nombreux cadres/standards internationaux existent (ISO, NIST, etc.).",,,non,non démarré
